Gitter_ID_1km *;x_mp_1km_1;y_mp_1km_1;Einwohner;Alter_D;unter18_A;ab65_A;Auslaender_A;HHGroesse_D;Leerstandsquote;Wohnfl_Bew_D;Wohnfl_Whg_D
1kmN3367E4314;4314500;3367500;3;-9;0;0;0;-1;-1;-9;-1
1kmN3372E4331;4331500;3372500;3;-9;0;100;0;-1;-1;-9;-1
1kmN3378E4315;4315500;3378500;3;-9;0;0;0;-1;-1;-9;-1
1kmN3379E4316;4316500;3379500;3;-9;0;0;100;-1;-1;-1;-1
1kmN3379E4335;4335500;3379500;7;-9;-9;0;57.14;1.4;-1;-1;-1
1kmN3380E4319;4319500;3380500;3;-9;0;0;0;1;-1;-1;-1
1kmN3389E4306;4306500;3389500;3;-9;0;0;0;1;0;83;83
1kmN3389E4333;4333500;3389500;29;-9;24.14;-9;-9;2.4;0;-9;-9
1kmN3400E4326;4326500;3400500;13;-9;0;-9;-9;2.3;-9;-9;-9
1kmN3365E4337;4337500;3365500;-1;-1;-1;-1;-1;-1;-1;-1;-1
1kmN3368E4315;4315500;3368500;-1;-1;-1;-1;-1;-1;-1;-1;-1
1kmN3368E4317;4317500;3368500;-1;-1;-1;-1;-1;-1;-1;-1;-1
1kmN3368E4332;4332500;3368500;-1;-1;-1;-1;-1;-1;-1;-1;-1
1kmN3369E4312;4312500;3369500;-1;-1;-1;-1;-1;-1;-1;-1;-1
1kmN3369E4332;4332500;3369500;-1;-1;-1;-1;-1;-1;-1;-1;-1
1kmN3370E4337;4337500;3370500;-1;-1;-1;-1;-1;-1;-1;-1;-1
1kmN3370E4338;4338500;3370500;-1;-1;-1;-1;-1;-1;-1;-1;-1
1kmN3370E4342;4342500;3370500;-1;-1;-1;-1;-1;-1;-1;-1;-1
1kmN3371E4309;4309500;3371500;-1;-1;-1;-1;-1;-1;-1;-1;-1
1kmN3371E4334;4334500;3371500;-1;-1;-1;-1;-1;-1;-1;-1;-1
1kmN3371E4337;4337500;3371500;-1;-1;-1;-1;-1;-1;-1;-1;-1
1kmN3371E4338;4338500;3371500;-1;-1;-1;-1;-1;-1;-1;-1;-1
1kmN3371E4342;4342500;3371500;-1;-1;-1;-1;-1;-1;-1;-1;-1
1kmN3372E4309;4309500;3372500;-1;-1;-1;-1;-1;-1;-1;-1;-1
1kmN3372E4314;4314500;3372500;-1;-1;-1;-1;-1;-1;-1;-1;-1
1kmN3372E4322;4322500;3372500;-1;-1;-1;-1;-1;-1;-1;-1;-1
1kmN3372E4327;4327500;3372500;-1;-1;-1;-1;-1;-1;-1;-1;-1
1kmN3372E4340;4340500;3372500;-1;-1;-1;-1;-1;-1;-1;-1;-1
1kmN3373E4335;4335500;3373500;-1;-1;-1;-1;-1;-1;-1;-1;-1
1kmN3374E4315;4315500;3374500;-1;-1;-1;-1;-1;-1;-1;-1;-1
1kmN3374E4317;4317500;3374500;-1;-1;-1;-1;-1;-1;-1;-1;-1
1kmN3374E4318;4318500;3374500;-1;-1;-1;-1;-1;-1;-1;-1;-1
1kmN3374E4319;4319500;3374500;-1;-1;-1;-1;-1;-1;-1;-1;-1
1kmN3375E4307;4307500;3375500;-1;-1;-1;-1;-1;-1;-1;-1;-1
1kmN3375E4308;4308500;3375500;-1;-1;-1;-1;-1;-1;-1;-1;-1
1kmN3375E4310;4310500;3375500;-1;-1;-1;-1;-1;-1;-1;-1;-1
1kmN3375E4314;4314500;3375500;-1;-1;-1;-1;-1;-1;-1;-1;-1
1kmN3375E4315;4315500;3375500;-1;-1;-1;-1;-1;-1;-1;-1;-1
1kmN3375E4318;4318500;3375500;-1;-1;-1;-1;-1;-1;-1;-1;-1
1kmN3375E4319;4319500;3375500;-1;-1;-1;-1;-1;-1;-1;-1;-1
1kmN3376E4307;4307500;3376500;-1;-1;-1;-1;-1;-1;-1;-1;-1
1kmN3376E4308;4308500;3376500;-1;-1;-1;-1;-1;-1;-1;-1;-1
1kmN3376E4309;4309500;3376500;-1;-1;-1;-1;-1;-1;-1;-1;-1
1kmN3376E4310;4310500;3376500;-1;-1;-1;-1;-1;-1;-1;-1;-1
1kmN3376E4311;4311500;3376500;-1;-1;-1;-1;-1;-1;-1;-1;-1
1kmN3376E4317;4317500;3376500;-1;-1;-1;-1;-1;-1;-1;-1;-1
1kmN3376E4318;4318500;3376500;-1;-1;-1;-1;-1;-1;-1;-1;-1
1kmN3376E4331;4331500;3376500;-1;-1;-1;-1;-1;-1;-1;-1;-1
1kmN3377E4305;4305500;3377500;-1;-1;-1;-1;-1;-1;-1;-1;-1
1kmN3377E4306;4306500;3377500;-1;-1;-1;-1;-1;-1;-1;-1;-1
1kmN3377E4307;4307500;3377500;-1;-1;-1;-1;-1;-1;-1;-1;-1
1kmN3377E4308;4308500;3377500;-1;-1;-1;-1;-1;-1;-1;-1;-1
1kmN3377E4314;4314500;3377500;-1;-1;-1;-1;-1;-1;-1;-1;-1
1kmN3377E4315;4315500;3377500;-1;-1;-1;-1;-1;-1;-1;-1;-1
1kmN3377E4316;4316500;3377500;-1;-1;-1;-1;-1;-1;-1;-1;-1
1kmN3377E4317;4317500;3377500;-1;-1;-1;-1;-1;-1;-1;-1;-1
1kmN3377E4327;4327500;3377500;-1;-1;-1;-1;-1;-1;-1;-1;-1
1kmN3378E4305;4305500;3378500;-1;-1;-1;-1;-1;-1;-1;-1;-1
1kmN3378E4310;4310500;3378500;-1;-1;-1;-1;-1;-1;-1;-1;-1
1kmN3378E4311;4311500;3378500;-1;-1;-1;-1;-1;-1;-1;-1;-1
1kmN3378E4312;4312500;3378500;-1;-1;-1;-1;-1;-1;-1;-1;-1
1kmN3378E4313;4313500;3378500;-1;-1;-1;-1;-1;-1;-1;-1;-1
1kmN3378E4314;4314500;3378500;-1;-1;-1;-1;-1;-1;-1;-1;-1
1kmN3378E4316;4316500;3378500;-1;-1;-1;-1;-1;-1;-1;-1;-1
1kmN3378E4317;4317500;3378500;-1;-1;-1;-1;-1;-1;-1;-1;-1
1kmN3378E4324;4324500;3378500;-1;-1;-1;-1;-1;-1;-1;-1;-1
1kmN3378E4330;4330500;3378500;-1;-1;-1;-1;-1;-1;-1;-1;-1
1kmN3379E4314;4314500;3379500;-1;-1;-1;-1;-1;-1;-1;-1;-1
1kmN3379E4315;4315500;3379500;-1;-1;-1;-1;-1;-1;-1;-1;-1
1kmN3379E4317;4317500;3379500;-1;-1;-1;-1;-1;-1;-1;-1;-1
1kmN3379E4318;4318500;3379500;-1;-1;-1;-1;-1;-1;-1;-1;-1
1kmN3380E4308;4308500;3380500;-1;-1;-1;-1;-1;-1;-1;-1;-1
1kmN3380E4309;4309500;3380500;-1;-1;-1;-1;-1;-1;-1;-1;-1
1kmN3380E4314;4314500;3380500;-1;-1;-1;-1;-1;-1;-1;-1;-1
1kmN3380E4315;4315500;3380500;-1;-1;-1;-1;-1;-1;-1;-1;-1
1kmN3380E4316;4316500;3380500;-1;-1;-1;-1;-1;-1;-1;-1;-1
1kmN3380E4317;4317500;3380500;-1;-1;-1;-1;-1;-1;-1;-1;-1
1kmN3380E4318;4318500;3380500;-1;-1;-1;-1;-1;-1;-1;-1;-1
1kmN3380E4320;4320500;3380500;-1;-1;-1;-1;-1;-1;-1;-1;-1
1kmN3380E4321;4321500;3380500;-1;-1;-1;-1;-1;-1;-1;-1;-1
1kmN3381E4307;4307500;3381500;-1;-1;-1;-1;-1;-1;-1;-1;-1
1kmN3381E4308;4308500;3381500;-1;-1;-1;-1;-1;-1;-1;-1;-1
1kmN3381E4309;4309500;3381500;-1;-1;-1;-1;-1;-1;-1;-1;-1
1kmN3381E4313;4313500;3381500;-1;-1;-1;-1;-1;-1;-1;-1;-1
1kmN3381E4321;4321500;3381500;-1;-1;-1;-1;-1;-1;-1;-1;-1
1kmN3382E4306;4306500;3382500;-1;-1;-1;-1;-1;-1;-1;-1;-1
1kmN3382E4307;4307500;3382500;-1;-1;-1;-1;-1;-1;-1;-1;-1
1kmN3382E4308;4308500;3382500;-1;-1;-1;-1;-1;-1;-1;-1;-1
1kmN3383E4303;4303500;3383500;-1;-1;-1;-1;-1;-1;-1;-1;-1
1kmN3383E4304;4304500;3383500;-1;-1;-1;-1;-1;-1;-1;-1;-1
1kmN3383E4330;4330500;3383500;-1;-1;-1;-1;-1;-1;-1;-1;-1
1kmN3383E4331;4331500;3383500;-1;-1;-1;-1;-1;-1;-1;-1;-1
1kmN3386E4334;4334500;3386500;-1;-1;-1;-1;-1;-1;-1;-1;-1
1kmN3387E4306;4306500;3387500;-1;-1;-1;-1;-1;-1;-1;-1;-1
1kmN3387E4307;4307500;3387500;-1;-1;-1;-1;-1;-1;-1;-1;-1
1kmN3387E4334;4334500;3387500;-1;-1;-1;-1;-1;-1;-1;-1;-1
1kmN3388E4306;4306500;3388500;-1;-1;-1;-1;-1;-1;-1;-1;-1
1kmN3389E4304;4304500;3389500;-1;-1;-1;-1;-1;-1;-1;-1;-1
1kmN3389E4305;4305500;3389500;-1;-1;-1;-1;-1;-1;-1;-1;-1
1kmN3390E4304;4304500;3390500;-1;-1;-1;-1;-1;-1;-1;-1;-1
1kmN3390E4305;4305500;3390500;-1;-1;-1;-1;-1;-1;-1;-9;-1
1kmN3390E4324;4324500;3390500;-1;-1;-1;-1;-1;-1;-1;-1;-1
1kmN3390E4334;4334500;3390500;-1;-1;-1;-1;-1;-1;-1;-1;-1
1kmN3390E4335;4335500;3390500;-1;-1;-1;-1;-1;-1;-1;-1;-1
1kmN3391E4320;4320500;3391500;-1;-1;-1;-1;-1;-1;-1;-1;-1
1kmN3391E4335;4335500;3391500;-1;-1;-1;-1;-1;-1;-1;-1;-1
1kmN3400E4331;4331500;3400500;-1;-1;-1;-1;-1;-1;-1;-1;-1
1kmN3400E4333;4333500;3400500;-1;-1;-1;-1;-1;-1;-1;-1;-1
1kmN3401E4329;4329500;3401500;-1;-1;-1;-1;-1;-1;-1;-1;-1
1kmN3401E4330;4330500;3401500;-1;-1;-1;-1;-1;-1;-1;-1;-1
1kmN3401E4331;4331500;3401500;-1;-1;-1;-1;-1;-1;-1;-1;-1
1kmN3401E4332;4332500;3401500;-1;-1;-1;-1;-1;-1;-1;-1;-1
1kmN3401E4333;4333500;3401500;-1;-1;-1;-1;-1;-1;-1;-1;-1
1kmN3402E4332;4332500;3402500;-1;-1;-1;-1;-1;-1;-1;-1;-1
1kmN3402E4333;4333500;3402500;-1;-1;-1;-1;-1;-1;-1;-1;-1
1kmN3377E4318;4318500;3377500;4;23.8;0;0;0;1.33;0;-1;0
1kmN3379E4320;4320500;3379500;111;27.5;36.04;2.7;64.86;4;0;20;-9
1kmN3375E4317;4317500;3375500;17;28;-9;0;-9;3.4;0;-9;-9
1kmN3375E4330;4330500;3375500;3843;30.1;31.49;3.6;14.7;2.9;0.7;28.4;77
1kmN3374E4307;4307500;3374500;391;30.7;27.11;4.6;8;2.8;0;43;116
1kmN3373E4329;4329500;3373500;10;31;40;0;0;3.33;0;-9;-9
1kmN3377E4319;4319500;3377500;39;31;20.51;0;41.03;2;0;-9;-9
1kmN3375E4331;4331500;3375500;7778;31.2;27.6;4.94;20;2.54;0.4;28.5;74
1kmN3392E4333;4333500;3392500;890;31.68;37.75;6.07;3.15;3.31;1.08;43;-9
1kmN3374E4308;4308500;3374500;188;31.9;32;6.91;11.7;2.7;0;27;73
1kmN3371E4310;4310500;3371500;4;32;0;0;0;-1;-1;26.25;-1
1kmN3379E4322;4322500;3379500;4140;32.86;22.85;7.56;45.7;2.4;1.8;26;59
1kmN3388E4333;4333500;3388500;919;33.2;28.9;9.03;20.8;2.5;1;27;66
1kmN3378E4319;4319500;3378500;1868;33.95;20.29;6.7;32.28;2;4.8;31.6;59
1kmN3386E4306;4306500;3386500;226;34;15.49;2.65;80;-1;-1;-1;-1
1kmN3382E4329;4329500;3382500;1012;34.3;23.1;8.6;40.12;2.83;1.29;33;94
1kmN3373E4334;4334500;3373500;588;34.37;20;10.4;58;1.92;0;44;-9
1kmN3374E4331;4331500;3374500;1106;34.8;25.5;3.8;7.2;3.36;0;35.7;119.4
1kmN3375E4322;4322500;3375500;5943;34.95;28.12;12.54;30.2;2.66;0.3;28.1;73
1kmN3374E4323;4323500;3374500;122;35;25.41;9.84;10;2.8;0;38;102
1kmN3378E4320;4320500;3378500;9899;35;20.79;9.23;37.21;2.08;4.4;28;55
1kmN3403E4332;4332500;3403500;7;35;-9;0;0;2;0;-9;-9
1kmN3377E4321;4321500;3377500;3786;35.2;24.25;12.2;50.7;2.4;0.9;26;61.5
1kmN3379E4306;4306500;3379500;2010;35.2;27.21;12.2;29;2.76;4;32.2;84
1kmN3382E4322;4322500;3382500;1869;35.2;7.49;7.6;30.2;1.9;2.3;40.7;64
1kmN3388E4304;4304500;3388500;5;35.2;-9;0;0;-1;-1;-9;-1
1kmN3379E4321;4321500;3379500;1492;35.49;12.06;6.64;50;1.72;3.16;29;49
1kmN3372E4320;4320500;3372500;959;35.54;12.62;14.6;40;2.1;0;32;-9
1kmN3374E4322;4322500;3374500;401;35.55;24.19;12.22;28;2.73;0;29;-9
1kmN3389E4332;4332500;3389500;2814;35.56;27.58;11.41;6.8;2.74;0.97;35;95
1kmN3374E4310;4310500;3374500;21;35.7;23.81;14.29;0;3;0;41;-9
1kmN3385E4306;4306500;3385500;696;35.7;31.47;10.34;4.89;2.91;1;41;-9
1kmN3396E4323;4323500;3396500;2664;35.79;24;8.63;10.2;2.4;1.32;34.34;81.2
1kmN3383E4319;4319500;3383500;3818;35.8;16.55;7.9;25.5;1.94;4.5;34.34;60
1kmN3377E4313;4313500;3377500;5;36;0;0;0;3;0;-9;-9
1kmN3378E4323;4323500;3378500;6;36;0;0;-9;-1;-1;-1;-1
1kmN3380E4332;4332500;3380500;11;36;27.27;0;0;4;0;-9;-9
1kmN3381E4322;4322500;3381500;165;36;11.52;9.09;43.64;1.7;8.42;36.8;55
1kmN3395E4333;4333500;3395500;65;36;30.77;6.15;4.62;2.48;0;32;88
1kmN3373E4319;4319500;3373500;578;36.2;16.09;7.09;42;2.2;3;31;62
1kmN3379E4319;4319500;3379500;684;36.3;17.4;7.02;49;2.15;2;27;-9
1kmN3380E4328;4328500;3380500;3456;36.39;21.8;12.3;36.2;1.95;1.44;31;58
1kmN3375E4311;4311500;3375500;96;36.5;25;12.5;5.21;3;0;40;-9
1kmN3375E4313;4313500;3375500;314;36.5;23.57;6.37;8;3.12;0;33;-9
1kmN3400E4327;4327500;3400500;660;36.58;28.94;11.06;2.27;3;1.83;39;114
1kmN3369E4338;4338500;3369500;23;36.7;30.43;13.04;0;3.29;0;42;-9
1kmN3378E4332;4332500;3378500;3036;36.73;26.42;11.4;8.7;3.12;0.9;36.8;111
1kmN3382E4321;4321500;3382500;2762;36.8;6.5;5.7;23.5;1.8;4.66;39;-9
1kmN3378E4328;4328500;3378500;318;36.82;0;1.26;43;-1;-1;-1;-1
1kmN3369E4311;4311500;3369500;22;37;18.18;0;0;1.8;0;-9;-9
1kmN3373E4315;4315500;3373500;63;37;28.57;17.46;30;3;-9;37;-9
1kmN3374E4338;4338500;3374500;41;37;24.39;17.07;0;3.1;-9;38;90
1kmN3379E4305;4305500;3379500;61;37;22.95;14.75;18.03;3;0;38;-9
1kmN3379E4324;4324500;3379500;12;37;25;0;33.33;3;0;-9;-9
1kmN3381E4323;4323500;3381500;1262;37;16.01;11.09;30.03;1.87;4.8;30;52
1kmN3386E4307;4307500;3386500;657;37;26.94;11.42;7;2.54;1.95;39;-9
1kmN3398E4328;4328500;3398500;327;37.1;24.46;11.01;3;3.04;3;50;-9
1kmN3383E4316;4316500;3383500;7509;37.2;13.13;7.8;12.5;1.74;1.49;37;61
1kmN3383E4317;4317500;3383500;11198;37.28;15.35;9.43;17.5;1.88;1.9;34;62
1kmN3368E4319;4319500;3368500;1587;37.4;22.8;14.5;22.9;2.21;2.1;38;81
1kmN3383E4329;4329500;3383500;1527;37.4;24.36;11.85;11.53;2.69;0;34.2;91
1kmN3378E4321;4321500;3378500;277;37.42;15.88;11.55;25.63;2.71;5.22;-9;-9
1kmN3396E4328;4328500;3396500;1730;37.42;28.03;13.7;2.1;2.65;0.7;42;110
1kmN3374E4332;4332500;3374500;5574;37.46;20.52;8.5;6.7;2.67;0;34;90
1kmN3390E4315;4315500;3390500;2972;37.53;25.27;14.47;20.02;2.5;0.9;33;81
1kmN3384E4316;4316500;3384500;2828;37.6;10.47;9.05;14.1;1.65;0.82;34;-9
1kmN3380E4322;4322500;3380500;272;37.7;12.13;9.56;17.28;1.5;8.81;36;48
1kmN3382E4318;4318500;3382500;14624;37.79;12.2;9.54;19.4;1.76;1.9;35.7;59
1kmN3373E4318;4318500;3373500;6205;37.8;18.7;14.5;20.5;1.94;1.6;32;60
1kmN3395E4320;4320500;3395500;2662;37.8;24.27;13;16.3;2.5;0.9;33;81
1kmN3389E4324;4324500;3389500;9662;37.89;23.34;14.66;22.7;2.32;0.2;32.54;75
1kmN3379E4331;4331500;3379500;3314;37.9;23.69;15;17.8;2.56;0.3;31.1;79
1kmN3380E4307;4307500;3380500;52;37.9;23.08;11.54;19.23;3;0;-9;-9
1kmN3385E4329;4329500;3385500;5492;37.9;22.31;14.6;18.75;2.31;0.69;31;70
1kmN3383E4318;4318500;3383500;14606;37.92;15.17;10.67;17.2;1.88;1.4;36;58
1kmN3369E4342;4342500;3369500;18;38;16.67;16.67;0;2.5;0;-9;-9
1kmN3374E4320;4320500;3374500;30;38;16.67;-9;36.67;2.4;-1;-1;-1
1kmN3375E4316;4316500;3375500;350;38;21;9;5;2.6;7.6;37;89
1kmN3388E4307;4307500;3388500;28;38;0;-9;-9;5;0;-9;-9
1kmN3400E4332;4332500;3400500;3;38;0;0;0;-1;-1;-9;-1
1kmN3373E4321;4321500;3373500;307;38.02;25.73;14;12.7;2.7;2;-9;-9
1kmN3393E4333;4333500;3393500;2606;38.07;23.98;11.8;7.94;2.43;0.6;36;87
1kmN3399E4328;4328500;3399500;2554;38.07;27.02;15.54;7.83;2.7;1.7;42.9;112
1kmN3371E4319;4319500;3371500;6401;38.08;16.87;14.06;25.8;1.83;2.2;32;56
1kmN3366E4336;4336500;3366500;57;38.1;26.32;17.54;2;2.71;0;-9;-9
1kmN3374E4335;4335500;3374500;799;38.1;19.02;11.51;9.6;2.1;1;37;68
1kmN3376E4321;4321500;3376500;5961;38.16;23.37;16.9;30.41;2.5;0.7;26.9;65
1kmN3380E4323;4323500;3380500;3375;38.17;18.58;13.63;23.4;2.11;1;30;60
1kmN3379E4309;4309500;3379500;99;38.19;24.24;15.15;10;2.9;0;44;126
1kmN3374E4309;4309500;3374500;705;38.2;21;12.34;12;2.6;0;32;83
1kmN3378E4331;4331500;3378500;2100;38.2;24.1;12.86;8.3;2.8;1.2;42;111
1kmN3381E4324;4324500;3381500;513;38.2;17.15;12.87;10.72;2;0;35;63
1kmN3372E4319;4319500;3372500;10135;38.24;14.11;13.7;22.9;1.75;1.8;34.49;57.7
1kmN3386E4310;4310500;3386500;1926;38.25;24.2;18.54;16.6;2.4;0.62;31;75
1kmN3388E4332;4332500;3388500;4287;38.28;23.58;15.23;12.8;2.28;0.9;33;74
1kmN3370E4341;4341500;3370500;256;38.3;21.88;11;2;2.7;3;46;-9
1kmN3378E4322;4322500;3378500;839;38.3;17.4;12.87;18.47;2.3;2;30;-9
1kmN3378E4329;4329500;3378500;163;38.3;23.93;16.56;3.07;2.5;0;-9;-9
1kmN3374E4327;4327500;3374500;191;38.39;21.47;14.66;10.47;3;0;37;-9
1kmN3375E4333;4333500;3375500;3667;38.43;20.94;13.6;21;2.24;0.9;34;75
1kmN3371E4320;4320500;3371500;5643;38.5;17.5;14.1;28;1.88;2.6;34;61
1kmN3370E4327;4327500;3370500;43;38.51;25.58;16.28;5;2.2;0;46;-9
1kmN3381E4327;4327500;3381500;6717;38.51;19.1;14.1;29.1;2.04;1.99;30.2;58
1kmN3371E4339;4339500;3371500;98;38.52;24.49;15.31;2;2.5;0;45;108
1kmN3393E4315;4315500;3393500;4628;38.54;22.23;13.48;8.8;2.44;0.7;37;89
1kmN3393E4330;4330500;3393500;737;38.6;25.92;15.1;22;2.68;2.67;51;-9
1kmN3382E4323;4323500;3382500;2372;38.7;7;10.7;26.1;1.6;0.7;35.5;55
1kmN3377E4320;4320500;3377500;6475;38.71;21.98;17.34;31;2.18;7.9;28.3;56.1
1kmN3380E4330;4330500;3380500;8088;38.74;22.11;15.21;25.98;2.34;0.6;31;72
1kmN3390E4329;4329500;3390500;5693;38.8;21.66;16.02;13.3;2.16;0.8;32.9;70
1kmN3373E4322;4322500;3373500;100;38.88;18;14;3;2.2;0;43;-9
1kmN3382E4316;4316500;3382500;13401;38.9;15.48;10.84;13.07;1.88;2.3;38;68
1kmN3368E4338;4338500;3368500;251;38.92;24.7;16.33;1;2.6;0;-9;-9
1kmN3376E4315;4315500;3376500;59;39;16.95;11.86;6.78;1.9;0;43;80
1kmN3381E4316;4316500;3381500;183;39;1;1;91.8;1.89;25;-9;-9
1kmN3384E4318;4318500;3384500;14339;39;13.2;11.88;12.4;1.73;1.2;38;-9
1kmN3386E4322;4322500;3386500;11155;39.09;10.17;11.72;9.74;1.53;1.73;39;60
1kmN3380E4331;4331500;3380500;3798;39.1;21.01;14.03;21.4;2.41;0;30.9;74
1kmN3382E4326;4326500;3382500;10592;39.1;12.62;14.6;19;1.69;1.95;33.2;55
1kmN3384E4317;4317500;3384500;13242;39.12;14.42;13;19.1;1.85;0.75;34;61
1kmN3365E4331;4331500;3365500;266;39.2;18.42;13;4;2.4;0;47;-9
1kmN3384E4319;4319500;3384500;11115;39.27;12.65;12.3;12.4;1.7;1.6;42.59;70
1kmN3373E4332;4332500;3373500;222;39.3;21.17;13.96;6.76;2.7;6;43;-9
1kmN3374E4325;4325500;3374500;229;39.3;23.58;14.85;3.93;2.5;2;43;-9
1kmN3381E4319;4319500;3381500;790;39.3;10.89;10.76;33.42;1.6;0.96;33;53
1kmN3394E4323;4323500;3394500;162;39.3;24.69;13.58;1.85;3;3;41;-9
1kmN3380E4329;4329500;3380500;5802;39.33;19.7;15.05;21.8;2.21;1.5;31;68
1kmN3385E4317;4317500;3385500;20088;39.38;9.49;10.93;9.3;1.54;0.81;38;57
1kmN3376E4320;4320500;3376500;2214;39.4;18.43;16.4;22.6;2.12;1.4;32;67
1kmN3383E4314;4314500;3383500;4052;39.4;20.66;15.7;19.9;2.11;0.7;38.3;79.9
1kmN3387E4312;4312500;3387500;4889;39.4;20.27;15.6;13.21;2.3;1.8;38;-9
1kmN3387E4327;4327500;3387500;5930;39.4;20.51;16.9;11.8;2.13;0.8;33;69
1kmN3375E4332;4332500;3375500;6409;39.44;20.3;14.18;13.45;2.29;0.64;32;72
1kmN3374E4313;4313500;3374500;7188;39.45;21.87;16.71;11.4;2.47;1.1;33;79
1kmN3387E4323;4323500;3387500;9422;39.45;9.56;13.17;9.2;1.52;0.99;37.4;56
1kmN3386E4325;4325500;3386500;10815;39.5;14.37;15.23;20.8;1.66;1.61;33;54
1kmN3387E4324;4324500;3387500;10704;39.5;8.21;13;10.7;1.44;2.02;36;51
1kmN3394E4320;4320500;3394500;1983;39.59;20.68;15.58;9.8;2.41;0.5;35;-9
1kmN3372E4318;4318500;3372500;11342;39.7;14.6;16.13;17.5;1.78;1.77;35.3;60.9
1kmN3374E4337;4337500;3374500;371;39.7;22.1;14.02;3;2.5;1;44;-9
1kmN3382E4327;4327500;3382500;9904;39.7;17.63;15.8;26.2;2.04;1.9;30.1;60
1kmN3383E4327;4327500;3383500;5493;39.7;14.95;19.66;14.5;2.1;1.1;34;71
1kmN3380E4324;4324500;3380500;3458;39.8;17.44;17.29;23.97;1.86;0.23;30.2;56.7
1kmN3381E4320;4320500;3381500;1774;39.8;12.23;11.1;16.5;1.78;1.7;50;-9
1kmN3382E4324;4324500;3382500;8016;39.8;14.21;16.04;20.7;1.81;0.39;33.6;59
1kmN3384E4315;4315500;3384500;3902;39.8;12.3;14.17;11.07;1.7;1.3;37;62
1kmN3388E4323;4323500;3388500;6646;39.85;8.52;14;11.22;1.49;2.87;38;55
1kmN3372E4337;4337500;3372500;122;39.9;22.13;11.48;2.46;2.4;0;-9;-9
1kmN3377E4326;4326500;3377500;233;40;19.74;15.02;7;2.6;3;41;-9
1kmN3386E4317;4317500;3386500;7401;40;17.9;16.46;18.2;1.95;0.5;35;68
1kmN3391E4314;4314500;3391500;3368;40;20.5;15.4;6.8;2.29;1.1;43.1;96
1kmN3389E4322;4322500;3389500;3155;40.07;18.9;15.2;10.2;1.95;1.2;41;82
1kmN3371E4336;4336500;3371500;1049;40.1;21.26;15.5;2.7;2.5;1;39.7;99
1kmN3376E4327;4327500;3376500;52;40.1;21.15;17.31;8;3.1;16.67;39;-9
1kmN3385E4327;4327500;3385500;4801;40.15;16.5;15.93;13.2;1.94;1.1;39;74
1kmN3385E4318;4318500;3385500;17388;40.19;12.98;13.22;7.4;1.73;1.4;41;69
1kmN3384E4303;4303500;3384500;230;40.2;24.35;21;9;2.4;2;54;-9
1kmN3395E4329;4329500;3395500;890;40.2;20.56;15.28;3.03;2.28;1.04;43;-9
1kmN3377E4325;4325500;3377500;140;40.21;22.14;14.29;1;2.7;0;37.2;-9
1kmN3382E4320;4320500;3382500;4974;40.24;2.47;2.29;87.1;1.9;3.64;43;-9
1kmN3396E4321;4321500;3396500;1949;40.27;18.3;16.42;23;2.2;1;39;-9
1kmN3385E4324;4324500;3385500;7838;40.28;9.77;14.89;9.03;1.51;0.65;38;55
1kmN3383E4326;4326500;3383500;5180;40.3;16;17.6;17.3;1.93;0.6;33;63
1kmN3390E4323;4323500;3390500;968;40.3;14.57;12.81;10.7;1.8;0.4;39;70
1kmN3383E4311;4311500;3383500;2061;40.31;25.76;20.33;8.1;2.53;1.98;-9;-9
1kmN3398E4326;4326500;3398500;1189;40.31;20.19;12.7;2.78;2.91;1;46;132
1kmN3382E4317;4317500;3382500;13474;40.33;13.11;14.75;18.9;1.72;0.7;34;57
1kmN3377E4322;4322500;3377500;1636;40.38;19.87;18.22;15.8;2.34;1.9;38;84
1kmN3384E4314;4314500;3384500;5767;40.39;13.47;15.5;13.8;1.8;1.1;38;67
1kmN3372E4328;4328500;3372500;30;40.4;20;20;0;2.7;0;-9;-9
1kmN3373E4308;4308500;3373500;1179;40.4;20.6;18.74;16.28;2.3;3.1;29;64.9
1kmN3374E4330;4330500;3374500;147;40.4;20.41;12.93;1;2.7;0;41;-9
1kmN3387E4313;4313500;3387500;6559;40.4;20.26;17.91;20;2.19;1.14;32;69
1kmN3388E4312;4312500;3388500;5761;40.4;19.88;18.28;13.3;2.22;0.8;35;76
1kmN3369E4316;4316500;3369500;80;40.46;20;20;3.75;2.7;0;45;124
1kmN3374E4312;4312500;3374500;8994;40.5;22.08;19.37;15;2.37;0.6;30.7;71.9
1kmN3376E4314;4314500;3376500;90;40.5;17.78;15.56;7;2.8;13.16;-9;-9
1kmN3386E4323;4323500;3386500;8926;40.5;11.25;14.12;8.5;1.59;1.2;38;58
1kmN3375E4321;4321500;3375500;3234;40.54;19.73;17.9;16.1;2.43;2;33;75
1kmN3367E4334;4334500;3367500;764;40.6;21.2;17.28;1.18;2.64;2;42;105
1kmN3370E4329;4329500;3370500;878;40.6;21.18;14.2;2.8;2.5;0;44;110.4
1kmN3372E4335;4335500;3372500;343;40.6;21.87;15.16;2.62;2.6;2.19;-9;-9
1kmN3377E4312;4312500;3377500;188;40.6;20.74;17.55;3.72;2.64;4;-9;-9
1kmN3390E4321;4321500;3390500;2204;40.6;14.79;17.2;18.19;1.66;0.66;38;63
1kmN3392E4334;4334500;3392500;401;40.6;24.44;20.7;1.2;2.6;2;46;-9
1kmN3387E4320;4320500;3387500;10461;40.61;12.93;14.04;7.03;1.67;1.7;46;75
1kmN3385E4330;4330500;3385500;6635;40.64;20.05;17.89;19.6;2.22;0.6;31.95;70.2
1kmN3385E4328;4328500;3385500;2342;40.65;15.33;16.44;14.26;2.05;1.4;40.6;80
1kmN3370E4317;4317500;3370500;2613;40.7;20.55;18.8;11.6;2.35;1.77;40;-9
1kmN3378E4326;4326500;3378500;422;40.7;16.59;13.03;9.95;2.06;1.9;39;-9
1kmN3384E4329;4329500;3384500;3607;40.7;19.02;17.88;18.9;2.22;1.3;35.5;74
1kmN3382E4319;4319500;3382500;9954;40.71;11.06;13.69;17.6;1.65;1.1;37;59.1
1kmN3373E4337;4337500;3373500;79;40.73;16.46;12.66;8.86;3;-9;-9;-9
1kmN3386E4330;4330500;3386500;6624;40.73;19.69;18.8;15.5;2;0.6;32;63
1kmN3368E4314;4314500;3368500;162;40.8;25;20;4;2.9;4;-9;125
1kmN3372E4317;4317500;3372500;6324;40.8;18.93;19.34;13.8;2.04;1;35;73
1kmN3386E4321;4321500;3386500;13626;40.87;12.13;14.57;10.47;1.61;1.81;43;68
1kmN3370E4333;4333500;3370500;316;40.9;19.62;18.67;1.58;2.8;3.54;42.3;115
1kmN3376E4306;4306500;3376500;165;40.9;16.36;14.55;10;2.3;5;44;-9
1kmN3381E4317;4317500;3381500;759;40.9;10.94;14.62;12.4;1.8;1;39;67
1kmN3383E4325;4325500;3383500;8338;40.9;10.95;15.98;10.9;1.59;0.7;38;59
1kmN3400E4328;4328500;3400500;723;40.9;25.31;21.99;16.46;2.48;3.61;42.5;103
1kmN3369E4320;4320500;3369500;6037;40.95;17.74;16.43;8.5;2.28;0.48;36.6;82.6
1kmN3383E4324;4324500;3383500;11459;40.95;9.82;17.1;13.1;1.57;0.65;37.1;57.7
1kmN3398E4329;4329500;3398500;976;40.97;23.46;17.93;4;2.8;0.87;-9;-9
1kmN3382E4315;4315500;3382500;10594;40.98;16.72;15.31;8.38;1.93;1.63;41;76
1kmN3369E4333;4333500;3369500;395;41;16.71;16;3;2.3;1;43;95.4
1kmN3371E4315;4315500;3371500;271;41;20.66;15;11.81;2.6;3;44;110
1kmN3371E4322;4322500;3371500;64;41;18.75;12.5;9.38;3;0;-9;-9
1kmN3376E4316;4316500;3376500;92;41;17.39;18.48;2;2.3;6.82;43;-9
1kmN3377E4309;4309500;3377500;42;41;23.81;9.52;7.14;2.8;0;-9;-9
1kmN3379E4308;4308500;3379500;312;41;13.14;14;24;2.4;39;42;62
1kmN3379E4313;4313500;3379500;439;41;20.96;14.35;12.76;2.4;2;35.6;81
1kmN3379E4328;4328500;3379500;287;41;15;13;10.45;2.5;2;44.3;99
1kmN3380E4311;4311500;3380500;3374;41;18.11;16.6;11.7;2.15;1;37;77
1kmN3381E4306;4306500;3381500;103;41;11.65;11.65;5;2.2;0;-9;-9
1kmN3386E4311;4311500;3386500;7587;41;21.29;20.1;19.6;2.26;0.38;33.2;74
1kmN3388E4330;4330500;3388500;6105;41;19.3;18.21;6.88;2.07;1.8;38;75
1kmN3389E4334;4334500;3389500;28;41;-9;0;0;2;0;-9;-9
1kmN3398E4331;4331500;3398500;320;41;18.75;17.5;-9;2.32;3;49;97.7
1kmN3385E4325;4325500;3385500;9534;41.01;9.03;16.47;13.5;1.5;1.1;37;54
1kmN3395E4323;4323500;3395500;1167;41.01;20.31;16.2;4.8;2.5;0.86;40;-9
1kmN3397E4326;4326500;3397500;1744;41.01;19.84;14.33;3.96;2.7;2;46;119
1kmN3376E4334;4334500;3376500;9000;41.02;16.27;17.7;12.2;1.87;1.21;36;65
1kmN3387E4328;4328500;3387500;3852;41.02;17.4;15.9;7.9;2.19;1;38;81
1kmN3375E4335;4335500;3375500;6845;41.05;15.6;17.5;7.9;1.83;2.4;41;73
1kmN3371E4326;4326500;3371500;404;41.1;22.28;15.59;2.23;2.61;0;45;-9
1kmN3380E4313;4313500;3380500;2714;41.1;19.38;17.76;18.5;2.13;1.5;33;67
1kmN3382E4325;4325500;3382500;4706;41.1;9.8;15.53;24.5;1.62;1.3;34;56
1kmN3383E4321;4321500;3383500;5323;41.1;10.6;12.59;20.2;1.7;1.9;42;-9
1kmN3383E4328;4328500;3383500;6587;41.1;19.36;19.68;23.9;2.23;0.2;33.21;73
1kmN3386E4333;4333500;3386500;1105;41.1;20.18;20.81;11.86;2.14;0.94;33.5;71
1kmN3366E4335;4335500;3366500;10;41.2;-9;-9;0;2.5;0;-9;-9
1kmN3369E4336;4336500;3369500;172;41.2;14.53;10.47;5.23;2.3;4.62;41;88
1kmN3371E4333;4333500;3371500;34;41.2;23.53;11.76;0;2;0;33;65
1kmN3386E4318;4318500;3386500;7174;41.23;9.76;16.32;10.8;1.56;1.59;39;57
1kmN3384E4313;4313500;3384500;5378;41.29;18.28;18.37;9.4;2.1;1.6;41;90
1kmN3380E4327;4327500;3380500;72;41.3;9.72;11.11;45.83;3;15;-9;-9
1kmN3393E4316;4316500;3393500;727;41.3;18.43;14.31;5.91;2.52;2;43;104
1kmN3397E4330;4330500;3397500;1531;41.3;20.71;18.48;5.1;2.44;1.51;48.2;114
1kmN3371E4329;4329500;3371500;464;41.35;15.52;14.22;2.59;2.67;0;42;109.3
1kmN3383E4310;4310500;3383500;2745;41.36;22.88;19.93;5.5;2.4;2.5;51;-9
1kmN3370E4336;4336500;3370500;702;41.4;20.37;17.81;3.1;2.6;1.86;41;104
1kmN3375E4328;4328500;3375500;224;41.4;21.88;17.86;2.23;2.8;0;42;-9
1kmN3380E4305;4305500;3380500;552;41.4;18.8;20.65;11.59;2.1;1;40;81.5
1kmN3381E4312;4312500;3381500;367;41.4;17.98;17.17;7.36;2.1;2;36;73.6
1kmN3390E4314;4314500;3390500;4004;41.4;20.2;20.2;11.5;2.21;1.15;37;82
1kmN3383E4323;4323500;3383500;10807;41.44;10.02;18.15;15.7;1.62;1;36.8;58
1kmN3386E4319;4319500;3386500;12741;41.49;13.57;15.69;8.12;1.71;1.53;45;76
1kmN3375E4329;4329500;3375500;176;41.5;20.45;17.05;3.98;3;0;-9;-9
1kmN3388E4322;4322500;3388500;584;41.5;4.97;14.21;40.2;1.36;9.06;42;51
1kmN3393E4329;4329500;3393500;2552;41.51;22.81;19.36;3.6;2.62;1.2;50.19;127.4
1kmN3384E4320;4320500;3384500;7516;41.53;15.19;17.83;10.62;1.75;3.1;-9;-9
1kmN3391E4324;4324500;3391500;3351;41.53;24.86;20.86;2.8;2.4;1.73;43;100
1kmN3394E4329;4329500;3394500;2444;41.55;23.98;21.15;3.2;2.57;1.2;51;127
1kmN3385E4322;4322500;3385500;14277;41.59;9.02;15.41;9.8;1.52;1.2;39;59
1kmN3368E4337;4337500;3368500;202;41.6;21.29;17.33;1.49;2.64;3;49.3;120
1kmN3370E4331;4331500;3370500;79;41.6;21.52;17.72;3;2.5;0;43;-9
1kmN3373E4325;4325500;3373500;434;41.6;18.66;17.97;2.07;2.5;1;43.7;103
1kmN3385E4316;4316500;3385500;5189;41.6;12.95;17.86;11.5;1.7;1.8;37.9;63
1kmN3381E4328;4328500;3381500;7579;41.62;17.43;19.4;22.7;1.99;1.1;32.2;63.5
1kmN3379E4330;4330500;3379500;3688;41.63;18.41;18.4;20.3;2.31;0.36;33;73
1kmN3386E4328;4328500;3386500;3398;41.68;14.71;19;10.9;2;1.01;39;74
1kmN3371E4341;4341500;3371500;258;41.7;18.99;18;3;2.5;0;48;112.8
1kmN3372E4323;4323500;3372500;126;41.7;18.25;19.05;13.49;2.2;0;46;-9
1kmN3372E4336;4336500;3372500;145;41.7;19.31;15.86;0;2.7;5.08;42;103
1kmN3372E4339;4339500;3372500;228;41.7;17.54;17.11;3.51;2.6;0;44;111
1kmN3373E4338;4338500;3373500;321;41.7;20.25;18.07;3.12;2.45;0;42;101
1kmN3379E4312;4312500;3379500;462;41.7;18.18;18;3.03;2.5;1;40;-9
1kmN3381E4330;4330500;3381500;5279;41.7;19.25;20.17;18.49;2.32;0.7;34;77
1kmN3385E4326;4326500;3385500;5836;41.7;10.69;17.55;13.11;1.67;1.7;38;61
1kmN3388E4311;4311500;3388500;4008;41.7;19.1;18.66;11.2;2.3;1.6;39;86
1kmN3389E4307;4307500;3389500;220;41.7;22.27;13.64;2.27;2.5;0;41;-9
1kmN3382E4328;4328500;3382500;4251;41.73;17.29;18.23;20.42;2.39;1.3;35;82
1kmN3383E4315;4315500;3383500;9328;41.74;11.95;15.44;10.2;1.66;1.2;37;60
1kmN3389E4326;4326500;3389500;6624;41.76;16.44;19.02;9.72;1.94;0.9;36;68
1kmN3369E4328;4328500;3369500;180;41.8;21.67;18.89;2;2.7;0;42;114
1kmN3372E4321;4321500;3372500;371;41.8;15.9;16.98;9;2.6;0;37;-9
1kmN3379E4307;4307500;3379500;245;41.8;19.18;19.59;17.14;2.8;11;35;-9
1kmN3385E4319;4319500;3385500;12523;41.8;14.01;16.47;7.9;1.72;1.2;45;-9
1kmN3366E4331;4331500;3366500;539;41.9;17.81;17.25;3.71;2.4;3;46;-9
1kmN3366E4333;4333500;3366500;690;41.9;21.59;20.29;1.7;2.37;2;42.3;96
1kmN3374E4336;4336500;3374500;2781;41.9;17.3;19.6;9.3;2.1;0.8;38;78
1kmN3385E4331;4331500;3385500;665;41.9;22.26;23;2;2.5;0;48;109
1kmN3387E4321;4321500;3387500;5218;41.91;12.63;16.85;6;1.67;2;46;74
1kmN3387E4319;4319500;3387500;9643;41.92;9.64;17.61;8.56;1.5;1.02;42;62
1kmN3382E4312;4312500;3382500;793;41.93;23.33;21.82;11.35;2.44;2;-9;-9
1kmN3386E4327;4327500;3386500;2396;41.97;14.44;20.99;12.9;1.9;1.4;37;-9
1kmN3383E4322;4322500;3383500;6699;41.99;10.88;17.66;16;1.59;1.27;40;63
1kmN3366E4337;4337500;3366500;272;42;16.54;18.01;1.1;2.2;2;-9;94
1kmN3367E4337;4337500;3367500;24;42;16.67;20.83;0;2.67;0;-9;-9
1kmN3369E4315;4315500;3369500;30;42;26.67;23.33;0;2.5;0;41;-9
1kmN3369E4341;4341500;3369500;82;42;21.95;17.07;0;2.5;0;45;98
1kmN3377E4324;4324500;3377500;36;42;11.11;16.67;0;1.8;-9;-9;-9
1kmN3385E4313;4313500;3385500;389;42;11.57;16.45;29;2.04;1.78;34;62
1kmN3386E4331;4331500;3386500;5727;42;18.4;21.63;13.41;1.98;0.8;35;67.3
1kmN3391E4305;4305500;3391500;77;42;18.18;19.48;1;2.8;0;43;-9
1kmN3396E4329;4329500;3396500;2021;42;21.38;18.41;2.08;2.35;1.8;45;101
1kmN3388E4329;4329500;3388500;8552;42.01;18.65;21;9.7;2.05;0.71;35;70
1kmN3383E4320;4320500;3383500;523;42.06;6.88;16.3;20.65;1.5;1.46;-9;-9
1kmN3387E4310;4310500;3387500;1798;42.06;18.35;20.6;14;2.12;2.8;36;71
1kmN3374E4311;4311500;3374500;1473;42.1;19.35;20.57;10.3;2.5;1.7;41;98
1kmN3386E4313;4313500;3386500;265;42.1;12.45;19.25;20.38;1.8;4.3;-9;-9
1kmN3388E4321;4321500;3388500;7813;42.1;11.17;17.71;9.5;1.57;1.04;39;60
1kmN3390E4322;4322500;3390500;4664;42.12;10.74;16.66;10.63;1.64;2.7;41;-9
1kmN3373E4309;4309500;3373500;4294;42.19;18.98;20.96;8.9;2.21;1.3;36.7;78
1kmN3377E4311;4311500;3377500;203;42.2;14.78;12.81;13;2.3;6;44;92
1kmN3391E4323;4323500;3391500;1552;42.2;20.81;20.17;5.9;2.2;2.1;46;94
1kmN3393E4334;4334500;3393500;30;42.2;16.67;20;-9;2;0;-9;-9
1kmN3373E4333;4333500;3373500;236;42.23;20.76;19.49;5.51;2.6;7.07;42;-9
1kmN3384E4324;4324500;3384500;11941;42.25;9.78;18.6;10.82;1.56;1.1;38;58
1kmN3365E4333;4333500;3365500;272;42.3;20.22;21.69;4.41;2.5;2.65;41;-9
1kmN3373E4312;4312500;3373500;1886;42.3;17.5;20.36;10.8;2.21;1.5;40;86
1kmN3376E4322;4322500;3376500;2482;42.3;16.88;19.62;17.4;2.6;1.5;38;98
1kmN3376E4336;4336500;3376500;277;42.3;19.13;18.41;1.81;2.4;2;50;120
1kmN3377E4330;4330500;3377500;120;42.3;19.17;17.5;10.83;2.4;0;-9;-9
1kmN3385E4309;4309500;3385500;3677;42.3;19.99;21.6;6.8;2.2;1.74;41;86
1kmN3389E4330;4330500;3389500;5698;42.33;18.48;20.34;11.62;2.14;1.3;37.3;77.7
1kmN3370E4320;4320500;3370500;6694;42.34;16.64;20.6;15;2.03;2;35.8;69.8
1kmN3388E4320;4320500;3388500;4014;42.34;11.83;19.5;8;1.67;0.67;42.8;70
1kmN3392E4321;4321500;3392500;1469;42.34;14.36;18.45;14.5;1.8;1.16;42;-9
1kmN3372E4313;4313500;3372500;487;42.37;22.38;19.51;6.4;2.71;2;-9;-9
1kmN3369E4329;4329500;3369500;215;42.4;17.21;15.35;1.4;2.55;2;47;-9
1kmN3371E4335;4335500;3371500;661;42.4;18.76;20.12;3.48;2.46;2.19;45;107
1kmN3373E4324;4324500;3373500;159;42.4;18.24;20.13;7;2.5;0;-9;-9
1kmN3376E4313;4313500;3376500;155;42.4;18.71;16;3;2.6;10.61;39;-9
1kmN3376E4326;4326500;3376500;361;42.4;19.39;18;4.99;2.4;3.25;45;104
1kmN3376E4333;4333500;3376500;1843;42.4;16.9;20.8;14.5;1.93;1.64;37;69
1kmN3385E4312;4312500;3385500;3127;42.4;18.9;21.55;9.31;2.12;0.92;37;-9
1kmN3387E4311;4311500;3387500;5709;42.42;19.09;21;16.3;2.14;0.8;35;74
1kmN3394E4324;4324500;3394500;1513;42.42;18.37;18.77;10.3;2.19;0.71;35;76
1kmN3371E4327;4327500;3371500;198;42.46;18.69;19.7;6;2.51;2;-9;-9
1kmN3373E4317;4317500;3373500;2465;42.48;15.3;20.49;13.91;1.83;1.59;41;-9
1kmN3384E4326;4326500;3384500;4028;42.48;14.62;19.36;7.99;1.93;1.2;47;-9
1kmN3371E4324;4324500;3371500;6;42.5;-9;-9;0;3;0;46.67;93.33
1kmN3373E4310;4310500;3373500;3854;42.5;18.81;20.94;7.6;2.29;1.33;38;83.8
1kmN3373E4313;4313500;3373500;1456;42.5;17.9;19.3;9.27;2.4;1.5;47;-9
1kmN3392E4322;4322500;3392500;4484;42.5;15.1;19.8;10.6;1.85;1.3;37;68
1kmN3395E4321;4321500;3395500;2090;42.54;17.4;23;6.8;1.99;0.8;36;72
1kmN3367E4331;4331500;3367500;535;42.6;17.38;18.13;1.5;2.4;1.76;41;94
1kmN3378E4307;4307500;3378500;509;42.6;15.13;18.47;13.2;2.37;2;41;94
1kmN3393E4317;4317500;3393500;1454;42.6;16.71;15.1;4;2.47;0.83;41;100
1kmN3393E4314;4314500;3393500;2276;42.63;18.37;19.8;9.4;2.43;1;41;97
1kmN3386E4303;4303500;3386500;777;42.64;23.94;23.3;4;2.56;1.58;-9;-9
1kmN3373E4316;4316500;3373500;662;42.65;14.8;20.85;21;2.3;4;35;78
1kmN3369E4334;4334500;3369500;402;42.7;17.66;18.91;2;2.6;0;47;118
1kmN3371E4321;4321500;3371500;126;42.7;13.49;14.29;7.14;2.4;9.84;42;86
1kmN3371E4340;4340500;3371500;263;42.7;19.39;19.77;2.66;2.4;1;41;-9
1kmN3375E4325;4325500;3375500;130;42.7;17.69;16.15;3.85;2.45;4;40;95
1kmN3386E4316;4316500;3386500;6753;42.7;12.16;20.94;13;1.7;1.08;37;63
1kmN3388E4316;4316500;3388500;1939;42.7;18.6;21.1;14.4;2.11;1.52;39.75;83
1kmN3398E4330;4330500;3398500;1416;42.7;21.61;22.18;4.6;2.4;2.3;51;-9
1kmN3385E4323;4323500;3385500;10150;42.71;8.96;18.92;12.07;1.55;1.45;37;57
1kmN3386E4324;4324500;3386500;9235;42.71;9.51;19.92;11.98;1.52;0.93;36;53
1kmN3384E4305;4305500;3384500;250;42.73;20;19.6;13.2;2.7;4;-9;-9
1kmN3385E4307;4307500;3385500;2573;42.79;20.37;20.83;5.1;2.2;1.43;44.43;95
1kmN3367E4338;4338500;3367500;445;42.8;18;18.9;2;2.48;-9;46;96
1kmN3372E4338;4338500;3372500;153;42.8;22.88;25.49;0;2.5;0;44;-9
1kmN3376E4325;4325500;3376500;99;42.8;20.2;22.22;2;2.7;0;50;-9
1kmN3391E4321;4321500;3391500;2311;42.8;13.28;19.8;9;1.71;0.9;40;67
1kmN3367E4333;4333500;3367500;78;42.9;19.23;16.67;0;2.2;0;-9;101.9
1kmN3370E4321;4321500;3370500;3054;42.9;14.6;22;11.3;1.88;1.41;36;68
1kmN3384E4306;4306500;3384500;470;42.9;23.4;24.47;7.7;2.52;3.63;-9;-9
1kmN3388E4325;4325500;3388500;5264;42.9;11.38;20.04;9.1;1.73;3.9;36;59
1kmN3380E4312;4312500;3380500;2884;42.91;15.4;21.91;14;1.9;1.4;35.3;64
1kmN3388E4315;4315500;3388500;2891;42.91;15.6;20.4;12.9;1.97;1;39;-9
1kmN3372E4326;4326500;3372500;117;42.99;11.97;19.66;3;2.05;0;48;92
1kmN3399E4326;4326500;3399500;703;42.99;20.48;19.77;3.41;2.68;1.82;51.3;132
1kmN3365E4334;4334500;3365500;19;43;-9;-9;0;2.71;0;-9;-9
1kmN3370E4312;4312500;3370500;24;43;25;-9;0;2.7;0;-9;-9
1kmN3370E4328;4328500;3370500;198;43;19.19;21;8;2.9;3;44;124
1kmN3377E4310;4310500;3377500;165;43;16.36;18.79;2.42;2.1;0;50;104
1kmN3384E4312;4312500;3384500;4375;43;20.43;23.47;8.9;2.2;2.9;43.9;94
1kmN3389E4317;4317500;3389500;797;43;16.19;19.32;8.8;2.22;1.41;-9;-9
1kmN3391E4322;4322500;3391500;4740;43;15.86;20.46;6.8;1.91;2.1;42;-9
1kmN3396E4320;4320500;3396500;4754;43;17.86;21.3;10.5;2.07;1.2;38;77
1kmN3371E4330;4330500;3371500;211;43.01;20.38;18.48;4.27;2.4;0;47;110.8
1kmN3388E4324;4324500;3388500;6946;43.05;13.95;20.21;12.48;1.79;3.44;36;61
1kmN3388E4318;4318500;3388500;4371;43.09;14.12;20.36;8.24;1.83;2.1;42.2;75.7
1kmN3368E4329;4329500;3368500;319;43.1;17.24;19.75;5.96;2.28;5;45;-9
1kmN3374E4326;4326500;3374500;480;43.1;17.92;19.17;9.58;2.4;1.49;-9;-9
1kmN3388E4319;4319500;3388500;2824;43.1;15.47;20.4;7.3;1.8;1;41;72
1kmN3392E4319;4319500;3392500;1620;43.1;19.2;23.21;6;2.4;1.45;43;101
1kmN3376E4335;4335500;3376500;2953;43.2;18.59;20.8;4.2;2.03;1.6;44;-9
1kmN3389E4315;4315500;3389500;1735;43.2;16.71;21.38;11.2;2.06;0.4;37.3;77
1kmN3394E4332;4332500;3394500;2333;43.2;22.5;22.63;2.8;2.5;1.1;48;-9
1kmN3397E4327;4327500;3397500;876;43.2;21.12;22.6;5.3;2.33;2;54;-9
1kmN3375E4334;4334500;3375500;3650;43.21;11.89;21.89;10.7;1.69;2;40;65
1kmN3384E4323;4323500;3384500;8648;43.24;10.45;19.67;11.1;1.62;1.83;42;-9
1kmN3399E4325;4325500;3399500;143;43.28;16.08;18.18;4.2;2.2;4;42;90
1kmN3386E4320;4320500;3386500;7465;43.3;18.06;21.4;6.55;2.05;2.6;-9;-9
1kmN3387E4308;4308500;3387500;293;43.3;23;22;3;2.5;2;-9;-9
1kmN3389E4318;4318500;3389500;1296;43.3;17.44;20.45;10.65;2;2.3;42;80
1kmN3397E4331;4331500;3397500;925;43.3;15.24;18.4;3;2.19;1;41;84
1kmN3403E4331;4331500;3403500;376;43.3;18.62;17.55;2;2.47;1;49;118
1kmN3387E4325;4325500;3387500;4435;43.32;13.66;20.36;9.2;1.85;1.7;37;65
1kmN3383E4312;4312500;3383500;3254;43.36;20.96;23.14;7.5;2.3;2.2;54;-9
1kmN3365E4332;4332500;3365500;443;43.4;16.48;18.51;2.5;2.25;2.2;46;98
1kmN3373E4307;4307500;3373500;4380;43.4;17.79;21.28;5.5;2.25;1.2;42.9;92
1kmN3386E4332;4332500;3386500;2974;43.4;19.1;25.32;7.36;1.98;0.91;36.4;70.7
1kmN3395E4327;4327500;3395500;1027;43.4;22.78;21.42;4.87;2.48;1;51;-9
1kmN3375E4312;4312500;3375500;379;43.43;15.57;17.41;7.12;2.8;1;40;-9
1kmN3389E4325;4325500;3389500;6702;43.47;16.14;21.3;12.16;2;0.8;37.6;73.7
1kmN3394E4333;4333500;3394500;1234;43.47;20.58;19.3;3.6;2.6;1;48;120
1kmN3368E4322;4322500;3368500;3353;43.5;15.7;20.8;7.5;1.96;1.9;42;75
1kmN3380E4306;4306500;3380500;433;43.5;15.47;20.55;24.94;2.27;2;42;-9
1kmN3381E4318;4318500;3381500;23;43.5;0;17.39;21.74;1.53;18.75;45;54
1kmN3389E4313;4313500;3389500;4835;43.5;17.5;21.6;9.16;2.21;1.4;37;81
1kmN3396E4325;4325500;3396500;1214;43.5;17.71;18.7;4.2;2.55;1.23;47;116
1kmN3399E4327;4327500;3399500;1179;43.5;21.54;22.5;2.71;2.65;1.2;46;119.6
1kmN3392E4329;4329500;3392500;1313;43.53;20.64;20.79;5.18;2.53;2.1;48;117.4
1kmN3387E4316;4316500;3387500;4424;43.55;13.25;21.3;9.81;1.81;1.6;41;72
1kmN3389E4323;4323500;3389500;5025;43.58;10.11;20.7;8.76;1.66;1.78;38;61
1kmN3378E4308;4308500;3378500;404;43.6;16.34;22;7;2.1;3;43;89
1kmN3384E4327;4327500;3384500;3362;43.6;15.82;22.6;8.1;2.02;1.4;46;89
1kmN3386E4304;4304500;3386500;2764;43.64;18.05;24.7;7.2;2.06;2.3;45;89
1kmN3384E4330;4330500;3384500;2717;43.68;16.45;22.41;16.9;2.1;0.5;34;70
1kmN3367E4330;4330500;3367500;455;43.7;16.48;20;3.74;2.32;4;50;-9
1kmN3370E4332;4332500;3370500;224;43.7;20.54;19.64;2;2.4;2;44.2;-9
1kmN3373E4339;4339500;3373500;1100;43.7;14.9;21;6;2.1;2;40;81
1kmN3388E4328;4328500;3388500;4424;43.7;14.38;21.34;7.89;1.84;1.2;36;65
1kmN3390E4328;4328500;3390500;4717;43.7;15.7;20.75;11.1;2.08;0.94;39;-9
1kmN3396E4327;4327500;3396500;1571;43.7;19.92;22.92;3.31;2.54;0.95;55;-9
1kmN3400E4329;4329500;3400500;80;43.7;22.5;23.75;5;2.5;0;-9;-9
1kmN3384E4322;4322500;3384500;9548;43.72;10.7;20.4;10.9;1.6;2;47;-9
1kmN3385E4310;4310500;3385500;1962;43.72;16.62;22.32;11.3;2;1.3;42;84.7
1kmN3385E4311;4311500;3385500;4041;43.77;15.32;21.93;8.5;1.83;0.5;37;67
1kmN3369E4339;4339500;3369500;333;43.8;21.32;23.42;2.7;2.59;2;42;105
1kmN3372E4334;4334500;3372500;606;43.8;14.85;21.12;5.61;2.33;1.95;46;103
1kmN3375E4320;4320500;3375500;589;43.8;13.24;23.26;23.77;2.1;0;34.8;73
1kmN3389E4321;4321500;3389500;4007;43.8;17.69;21.21;7.24;2.08;1.58;43;87
1kmN3387E4318;4318500;3387500;5674;43.86;11.83;21.66;9.6;1.75;1.8;45;-9
1kmN3365E4335;4335500;3365500;329;43.9;19.15;24.32;0.91;2.59;0;-9;-9
1kmN3367E4319;4319500;3367500;427;43.9;18.27;20.84;3;2.3;3;46;-9
1kmN3369E4331;4331500;3369500;99;43.9;16.16;19.19;3.03;2.2;0;49;106
1kmN3375E4324;4324500;3375500;173;43.9;16.18;17.92;2.89;2.6;0;43;112
1kmN3382E4331;4331500;3382500;153;43.9;15.03;24;12.42;2.7;4;43;-9
1kmN3384E4308;4308500;3384500;3222;43.9;21.07;25.5;6.5;2.26;3;52;114
1kmN3396E4322;4322500;3396500;3685;43.9;13.03;24.42;10.7;1.8;1.06;36;67
1kmN3384E4328;4328500;3384500;2553;43.91;11.9;24.05;7;2.2;2;42;87
1kmN3367E4316;4316500;3367500;234;44;18.38;24;2;2.3;0;-9;-9
1kmN3368E4316;4316500;3368500;43;44;-9;23.26;9.3;2;0;44;-9
1kmN3372E4332;4332500;3372500;80;44;17.5;18.75;3;3.2;0;-9;-9
1kmN3373E4323;4323500;3373500;149;44;14.09;19.46;15;3;5;-9;-9
1kmN3373E4328;4328500;3373500;100;44;12;15;3;2.4;0;-9;-9
1kmN3378E4325;4325500;3378500;155;44;7.74;15;21;2;0;43;-9
1kmN3385E4303;4303500;3385500;89;44;14.61;17.98;0;1.91;0;-9;-9
1kmN3388E4313;4313500;3388500;5853;44;16.57;25.12;15.4;2;1.1;34;67
1kmN3391E4315;4315500;3391500;4675;44;14.99;22.27;6.7;1.97;1.8;41;80
1kmN3395E4331;4331500;3395500;753;44;17.26;20.98;1.86;1.8;5;42;71.2
1kmN3381E4329;4329500;3381500;6617;44.01;15.88;23.33;17.65;1.94;1.11;34;64.2
1kmN3397E4321;4321500;3397500;3044;44.03;14.65;21.9;7;2.01;2;43;83
1kmN3369E4327;4327500;3369500;437;44.08;16.02;20.4;1.8;2.31;2;46;98
1kmN3371E4332;4332500;3371500;135;44.08;16.3;20.74;1;2.6;0;41;-9
1kmN3369E4337;4337500;3369500;200;44.1;17;24;2.5;2.6;0;45;-9
1kmN3372E4329;4329500;3372500;154;44.1;16.23;18.18;1;2.6;2;47;-9
1kmN3379E4332;4332500;3379500;1252;44.1;15.42;22.8;4;2.39;2;45;99
1kmN3383E4313;4313500;3383500;3903;44.1;19.5;23.9;9.6;2.22;3;-9;-9
1kmN3389E4331;4331500;3389500;4078;44.1;15.64;22;5.5;2;1.2;43.9;84.2
1kmN3371E4316;4316500;3371500;3062;44.13;17.9;23.3;6.1;2.26;2.2;44;93.9
1kmN3395E4325;4325500;3395500;2935;44.18;18.3;22.8;4;2.51;1.4;47;-9
1kmN3368E4318;4318500;3368500;574;44.2;16.2;22.82;7;2;3;41;-9
1kmN3371E4311;4311500;3371500;663;44.2;15.84;19.76;6.94;2.5;2.52;46;-9
1kmN3377E4332;4332500;3377500;901;44.2;13.54;21.53;4.9;2.1;2.76;46;-9
1kmN3378E4309;4309500;3378500;306;44.2;17.32;22.55;5.56;2.4;1;-9;-9
1kmN3381E4326;4326500;3381500;1555;44.2;15.37;21.86;16;2.18;1;36;77
1kmN3386E4329;4329500;3386500;3220;44.2;12.27;21.9;9.3;1.87;4.7;40;68
1kmN3391E4328;4328500;3391500;3853;44.2;17.62;21.59;3.8;2.41;0.9;40;-9
1kmN3392E4320;4320500;3392500;320;44.2;15.94;19.69;8;2.5;2.27;43;-9
1kmN3393E4328;4328500;3393500;3213;44.2;19.36;23.25;4.9;2.37;1.48;47.7;110
1kmN3373E4320;4320500;3373500;159;44.3;9.43;13.84;18.24;2.3;5;36;-9
1kmN3377E4331;4331500;3377500;111;44.3;18.02;22.52;9.01;2.6;0;45;-9
1kmN3385E4320;4320500;3385500;4909;44.3;15.12;22.9;8.5;1.8;3.1;-9;-9
1kmN3388E4314;4314500;3388500;6334;44.3;13.66;23.11;12.9;1.89;1.54;36;67
1kmN3373E4314;4314500;3373500;482;44.37;15.35;24.27;8.92;2.27;2.76;37;82
1kmN3370E4335;4335500;3370500;463;44.39;18.14;22.46;2;2.3;4;42;97
1kmN3373E4331;4331500;3373500;156;44.4;17.31;27.56;1;2.36;0;50;-9
1kmN3379E4310;4310500;3379500;41;44.4;14.63;21.95;7.32;2.53;0;35;92
1kmN3387E4322;4322500;3387500;92;44.4;18.48;21.74;8.7;2.3;0;62;135
1kmN3389E4329;4329500;3389500;2488;44.4;16.04;23.4;5.9;2.17;1.08;42;89
1kmN3392E4327;4327500;3392500;2979;44.4;17.6;23.1;6.5;2.24;2.4;48;102
1kmN3393E4323;4323500;3393500;1055;44.4;13.46;21.8;12.8;2.01;1.5;45;-9
1kmN3395E4322;4322500;3395500;2882;44.44;17.59;23.39;5.2;2.38;0.65;37;-9
1kmN3371E4317;4317500;3371500;3555;44.45;16.96;24.8;8.1;2.19;1.19;40.2;86
1kmN3393E4325;4325500;3393500;3175;44.48;19.69;25.04;7.1;2.5;1.8;42;103
1kmN3368E4339;4339500;3368500;319;44.5;16.93;22.57;2.19;2.8;2;42;109
1kmN3375E4326;4326500;3375500;72;44.5;13.89;20.83;8.33;2.3;0;-9;-9
1kmN3393E4320;4320500;3393500;1555;44.5;17.4;23.22;8.87;2.1;2.5;37;-9
1kmN3397E4322;4322500;3397500;4459;44.5;14.24;23.1;5.3;2.09;3.8;40.9;81
1kmN3374E4324;4324500;3374500;257;44.54;15.95;20.23;6;2;2;-9;-9
1kmN3392E4316;4316500;3392500;879;44.54;17.18;24.8;5;2.3;1;41.9;96
1kmN3387E4326;4326500;3387500;4770;44.55;15.09;24.91;10.3;1.92;1.3;37;69
1kmN3392E4318;4318500;3392500;3824;44.55;16.34;23.67;6;2.19;0.6;43.3;94
1kmN3392E4328;4328500;3392500;2965;44.58;19.33;22.06;3.81;2.5;1;49.3;120
1kmN3382E4330;4330500;3382500;819;44.6;14.2;24.3;10;2.08;2.18;35;-9
1kmN3387E4314;4314500;3387500;584;44.6;13.36;25.68;10.96;2.1;1;44;-9
1kmN3392E4315;4315500;3392500;4331;44.61;15.68;25;7.8;2;1.5;43;85
1kmN3367E4336;4336500;3367500;169;44.7;14.2;24.26;0;2.7;0;42;108
1kmN3368E4334;4334500;3368500;453;44.7;15.23;21.41;0.88;2.43;0;48;116
1kmN3370E4313;4313500;3370500;128;44.7;17.19;21.88;3;2.25;0;57;123
1kmN3372E4308;4308500;3372500;1588;44.7;17.2;22.5;3.1;2.3;2;42.4;92
1kmN3389E4312;4312500;3389500;2642;44.7;15.18;22.8;4.3;2.2;1.59;44;93
1kmN3391E4327;4327500;3391500;3059;44.7;17.98;23.01;4.1;2.21;1.9;43.6;93
1kmN3397E4328;4328500;3397500;638;44.7;18.7;22.3;4;2.61;2;-9;-9
1kmN3389E4314;4314500;3389500;5956;44.77;13.28;25.13;14.3;1.8;0.9;37;67
1kmN3372E4333;4333500;3372500;184;44.8;13.59;20.65;2.17;2.4;3.66;45;-9
1kmN3376E4323;4323500;3376500;249;44.8;14.46;22.89;7.23;2.35;7;44;-9
1kmN3382E4314;4314500;3382500;3530;44.8;16.63;25;7.1;1.9;1.5;47;85
1kmN3385E4321;4321500;3385500;5044;44.8;10.65;21.1;8.8;1.6;3.6;-9;-9
1kmN3389E4319;4319500;3389500;3652;44.8;16.5;23.52;9.7;1.94;2.8;38;68.2
1kmN3366E4334;4334500;3366500;193;44.9;17.62;23.83;2;2.5;3;44;-9
1kmN3370E4330;4330500;3370500;54;44.9;12.96;22.22;0;2.5;0;-9;-9
1kmN3371E4331;4331500;3371500;175;44.9;15.43;24;1;2.7;4;42;-9
1kmN3389E4328;4328500;3389500;4535;44.9;11.69;21.2;5.82;1.81;0.9;34;60
1kmN3391E4329;4329500;3391500;1472;44.9;17.8;23.1;3.06;2.45;0.97;39;-9
1kmN3394E4330;4330500;3394500;997;44.9;22.17;25.68;3;2.6;2;52.7;133
1kmN3371E4314;4314500;3371500;315;44.91;17;23.17;5;2.4;1;-9;-9
1kmN3377E4333;4333500;3377500;5440;44.92;16.36;25.97;12.2;1.97;1.16;35;69
1kmN3369E4330;4330500;3369500;7;45;0;0;0;2.33;0;50;-9
1kmN3370E4311;4311500;3370500;22;45;22.73;22.73;0;2.44;-9;-9;-9
1kmN3373E4330;4330500;3373500;97;45;13.4;21.65;1;2.5;0;47;-9
1kmN3378E4318;4318500;3378500;22;45;0;0;86.36;1.05;0;-9;-9
1kmN3379E4326;4326500;3379500;45;45;8.89;20;-9;2;0;-9;-9
1kmN3381E4311;4311500;3381500;11;45;0;0;0;2.2;0;32;-9
1kmN3395E4332;4332500;3395500;113;45;16.81;17.7;7.08;1.87;0;-9;-9
1kmN3399E4331;4331500;3399500;51;45;19.61;17.65;0;2.6;0;-9;-9
1kmN3380E4310;4310500;3380500;1087;45.02;16.1;25.85;10.1;2.2;2.3;39;82
1kmN3388E4326;4326500;3388500;5082;45.04;12.16;24.3;12.55;1.7;0.78;35;58
1kmN3385E4308;4308500;3385500;4801;45.15;17.02;25.64;6.3;1.97;1.7;44;-9
1kmN3378E4334;4334500;3378500;3277;45.16;14.07;26.4;10.83;1.9;0.34;35.5;66
1kmN3391E4331;4331500;3391500;4231;45.16;16.28;24.96;6.9;2.12;1.9;43.1;88
1kmN3369E4318;4318500;3369500;1195;45.2;17.91;25.94;6;2.42;2;46;108
1kmN3373E4336;4336500;3373500;483;45.2;13.87;22.15;3.3;2.37;1.46;45;-9
1kmN3374E4329;4329500;3374500;230;45.2;15.22;22.17;7.39;2.64;2;-9;-9
1kmN3386E4308;4308500;3386500;2211;45.2;16.1;24.9;7.5;2;1.15;38;75
1kmN3394E4325;4325500;3394500;5080;45.21;17.24;25.3;9.3;2.2;0.7;42;90
1kmN3386E4326;4326500;3386500;7474;45.23;9.11;23.9;9.3;1.59;1.99;38;58
1kmN3390E4318;4318500;3390500;1998;45.3;16.62;24.72;4;2.18;1.8;44;92
1kmN3395E4324;4324500;3395500;455;45.3;18.9;27.03;2.2;2.42;1.54;48.8;115.8
1kmN3373E4311;4311500;3373500;5307;45.34;15.64;25.7;11.2;2;0.9;35.7;72
1kmN3366E4332;4332500;3366500;592;45.36;15.03;19.43;2.87;2.3;3;43;-9
1kmN3389E4327;4327500;3389500;3113;45.36;15.32;23.1;4.5;2.1;0.8;43;89
1kmN3374E4333;4333500;3374500;3387;45.37;16.98;24.7;3;2.5;0.6;46;111
1kmN3383E4309;4309500;3383500;1982;45.37;17;25.98;8.7;2.15;2;-9;-9
1kmN3370E4323;4323500;3370500;89;45.4;12.36;22.47;4.49;2.4;0;51;-9
1kmN3372E4330;4330500;3372500;150;45.4;18.67;24.67;6;2.5;0;47;-9
1kmN3373E4327;4327500;3373500;58;45.4;15.52;24.14;8.62;2.57;0;43;-9
1kmN3374E4314;4314500;3374500;357;45.4;14.85;22;4.48;2.5;0;43;-9
1kmN3390E4326;4326500;3390500;4636;45.4;10.91;22.58;6.3;1.69;1.2;38;60
1kmN3392E4335;4335500;3392500;1248;45.4;18.11;25.2;2;2.37;1.64;46;104.4
1kmN3387E4305;4305500;3387500;606;45.48;18.65;26.4;4.3;2.44;3;53;-9
1kmN3375E4327;4327500;3375500;82;45.5;14.63;24.39;3.66;2.9;0;-9;-9
1kmN3382E4310;4310500;3382500;780;45.5;18.21;27.1;6.79;2.1;3.9;-9;-9
1kmN3392E4323;4323500;3392500;4117;45.5;15.64;25.33;7.43;2.11;1.5;45;94
1kmN3392E4330;4330500;3392500;1237;45.5;18;24.82;3.3;2.5;1.5;52;128
1kmN3386E4312;4312500;3386500;3257;45.51;15.17;25;9.8;2.08;0.7;41;-9
1kmN3387E4331;4331500;3387500;3912;45.51;16.62;26.3;5.9;2.05;1.5;45;88
1kmN3395E4326;4326500;3395500;3396;45.56;16.81;25.18;4.39;2.27;1.4;49;108
1kmN3373E4326;4326500;3373500;245;45.6;17.55;21.22;2;2.4;0;46;106
1kmN3380E4325;4325500;3380500;112;45.6;8.04;18.75;32;2.4;0;43;-9
1kmN3396E4324;4324500;3396500;242;45.6;14.05;23.55;9.09;2.3;4;50;105
1kmN3400E4325;4325500;3400500;72;45.6;14;22.22;7;2.4;-9;-9;-9
1kmN3390E4313;4313500;3390500;4554;45.67;15.52;24.9;6.94;2.1;1.3;41;84
1kmN3368E4330;4330500;3368500;457;45.7;15.1;25.38;4;2.44;1;43.5;102
1kmN3368E4335;4335500;3368500;36;45.7;-9;11.11;0;2.06;0;-9;-9
1kmN3371E4325;4325500;3371500;461;45.7;17.57;24.95;3.04;2.3;3;57;-9
1kmN3372E4325;4325500;3372500;118;45.7;16.1;26.27;5.08;2.6;0;42;102
1kmN3397E4323;4323500;3397500;3633;45.7;14.6;25.54;10.9;1.98;1.47;39.2;75
1kmN3388E4331;4331500;3388500;3227;45.77;15.74;26.7;5.8;2.02;2.3;49;99
1kmN3383E4306;4306500;3383500;100;45.8;18;27;6;2.5;6.82;-9;-9
1kmN3388E4327;4327500;3388500;1679;45.8;14.77;24.3;7.4;2.16;1.2;41;87
1kmN3394E4331;4331500;3394500;2913;45.8;19.43;27.67;2.7;2.36;1.4;49;-9
1kmN3369E4321;4321500;3369500;1042;45.81;16.6;26.9;4.9;2.2;2;47;-9
1kmN3388E4317;4317500;3388500;3745;45.9;12.31;25.23;7.6;1.74;1.3;41;69
1kmN3393E4321;4321500;3393500;3703;45.9;12.15;25.8;8.5;1.78;2.9;39;67
1kmN3396E4330;4330500;3396500;2793;45.9;15.54;25.31;4.6;2.06;2.5;41;81
1kmN3390E4316;4316500;3390500;1981;45.96;18.48;28.37;4.3;2.2;1.6;45;99
1kmN3374E4334;4334500;3374500;769;45.99;12.09;25.88;11.31;1.76;4.7;38;64
1kmN3376E4312;4312500;3376500;61;46;19.67;26.23;0;2.2;0;48;-9
1kmN3377E4323;4323500;3377500;120;46;11;18.33;16.67;2.4;10.9;39;82
1kmN3379E4311;4311500;3379500;267;46;18.35;26.59;4;2.4;0;41;97
1kmN3384E4307;4307500;3384500;2400;46.01;18.25;27.83;6.9;2.2;2.56;56;-9
1kmN3392E4324;4324500;3392500;3486;46.01;16.87;25.96;10.9;2.11;2.3;45;91
1kmN3394E4328;4328500;3394500;3070;46.03;16.03;26.3;3.4;2.12;1.49;49;100
1kmN3374E4321;4321500;3374500;446;46.1;12.78;19.5;12.1;2.4;2.06;44;101
1kmN3390E4332;4332500;3390500;1029;46.1;17.78;27.6;5.34;2.13;2.8;38;78
1kmN3391E4332;4332500;3391500;5155;46.1;16.8;27.74;9.66;2.1;0.4;36.2;74
1kmN3390E4327;4327500;3390500;4648;46.13;14.69;26.1;6.91;1.96;1.04;39;76
1kmN3392E4332;4332500;3392500;1644;46.22;18.8;26.76;2.25;2.4;2.6;55;-9
1kmN3390E4331;4331500;3390500;3629;46.25;13.53;24.69;4.9;1.96;1.79;42.7;79.4
1kmN3387E4317;4317500;3387500;3719;46.28;14.41;28.58;8.1;1.91;0.7;41;79
1kmN3370E4334;4334500;3370500;37;46.3;8.11;21.62;0;2.8;0;38;-9
1kmN3384E4309;4309500;3384500;4071;46.3;17.61;27.36;6.17;1.92;1.8;43;-9
1kmN3387E4315;4315500;3387500;2236;46.3;11.6;24.82;14;1.89;0.7;38.8;72.3
1kmN3395E4328;4328500;3395500;751;46.3;19.71;27.3;3.46;2.43;1.54;43.3;100
1kmN3397E4324;4324500;3397500;112;46.3;8.04;15.18;3.57;2.2;0;50;106
1kmN3394E4321;4321500;3394500;4826;46.32;13.9;27.21;8.1;1.82;1.7;38;67
1kmN3387E4333;4333500;3387500;1780;46.36;12.87;27.58;8;1.9;0.9;38;69
1kmN3393E4322;4322500;3393500;3218;46.37;13.83;25.5;9.11;1.93;5.3;40.7;74.5
1kmN3372E4324;4324500;3372500;296;46.4;12.84;20.61;3;2.1;2.7;-9;-9
1kmN3381E4314;4314500;3381500;415;46.4;13.49;23.61;6;2.1;6;-9;-9
1kmN3390E4317;4317500;3390500;5781;46.4;12.96;27.24;5.78;1.76;1.1;43;74.6
1kmN3386E4315;4315500;3386500;585;46.5;7.01;24.1;10.26;1.6;1.47;40;-9
1kmN3382E4313;4313500;3382500;2703;46.51;18.65;28.19;8.7;2.3;2;-9;-9
1kmN3367E4335;4335500;3367500;196;46.6;17.35;29.08;5.61;2.6;0;42;109
1kmN3368E4328;4328500;3368500;241;46.6;13.28;22.41;6;2.5;4;50;-9
1kmN3378E4306;4306500;3378500;140;46.6;12.14;23.57;7.14;2.2;0;48;102
1kmN3387E4329;4329500;3387500;3483;46.6;13.01;26.21;5.5;2;2.1;45;87
1kmN3371E4318;4318500;3371500;3103;46.64;13.5;28.6;13.2;1.87;1.4;39;72
1kmN3391E4317;4317500;3391500;5946;46.79;12.46;27.5;4.9;1.82;1;43.72;78
1kmN3381E4305;4305500;3381500;63;46.8;14.29;26.98;0;2;-9;45;80
1kmN3391E4325;4325500;3391500;1343;46.8;19.66;29.56;3.05;2.4;2.5;56;-9
1kmN3396E4331;4331500;3396500;1551;46.8;16.2;29;2;2.1;1.6;43;88
1kmN3402E4331;4331500;3402500;149;46.8;14.77;22.82;3;2.6;4.62;48;-9
1kmN3384E4304;4304500;3384500;805;46.97;19.38;29.19;4.35;2.52;1;54;-9
1kmN3391E4318;4318500;3391500;4430;46.99;15.46;29.03;5.01;2.1;1.4;42.58;87
1kmN3370E4310;4310500;3370500;25;47;12;-9;-9;2;-9;-9;-9
1kmN3377E4334;4334500;3377500;5318;47;14.52;31.44;7.6;1.85;0.61;36.6;68.1
1kmN3380E4326;4326500;3380500;4;47;0;0;0;-1;-1;-1;-1
1kmN3393E4319;4319500;3393500;96;47;14.58;27.08;4.17;2.5;0;46;108
1kmN3394E4315;4315500;3394500;522;47;19;30;3;2.45;2.12;47;112
1kmN3401E4327;4327500;3401500;21;47;19.05;23.81;0;2.2;0;-9;-9
1kmN3402E4330;4330500;3402500;64;47;12.5;21.88;5;2.5;0;51;122
1kmN3395E4330;4330500;3395500;2361;47.02;16.01;29.4;2.6;1.9;2.68;41;75
1kmN3392E4317;4317500;3392500;8406;47.04;13.67;28.43;6.1;1.92;1.5;39.1;73.8
1kmN3377E4329;4329500;3377500;105;47.1;13.33;28.57;4.76;2;0;37;-9
1kmN3390E4312;4312500;3390500;2628;47.1;14.4;25;3.2;2.1;1.5;47;97.2
1kmN3387E4330;4330500;3387500;4195;47.12;13.4;27.58;6.77;1.96;1.8;40;76
1kmN3383E4308;4308500;3383500;3080;47.19;15.03;29.16;6.3;2.01;3.8;55;104
1kmN3370E4316;4316500;3370500;1043;47.2;13.52;25;5.3;2.3;1.49;50;110.7
1kmN3370E4324;4324500;3370500;34;47.2;-9;23.53;0;3;0;-9;-9
1kmN3386E4309;4309500;3386500;2159;47.2;13.15;28.62;5.6;1.84;1;41.87;76
1kmN3370E4340;4340500;3370500;87;47.3;8.05;21.84;4.6;2.3;0;47;100
1kmN3376E4332;4332500;3376500;2599;47.3;14.4;30.5;7.1;2.06;0.6;36;74
1kmN3391E4326;4326500;3391500;3345;47.41;15.19;29.24;4.3;1.88;1.6;44.7;82
1kmN3397E4329;4329500;3397500;1009;47.42;16.25;28.44;3.1;2.62;2;52.3;134
1kmN3375E4336;4336500;3375500;3282;47.46;13.3;28.9;4.4;1.82;1.6;43;76.8
1kmN3368E4320;4320500;3368500;1217;47.5;15.78;31.47;6.24;2.38;2.81;43;97
1kmN3372E4312;4312500;3372500;469;47.52;16.42;28.36;4.1;2.4;4.25;49;-9
1kmN3384E4325;4325500;3384500;3875;47.52;8.9;27.6;8;1.67;2.1;48;76
1kmN3390E4330;4330500;3390500;5004;47.58;12.89;28.8;7.39;1.89;1.68;44;79
1kmN3397E4320;4320500;3397500;5359;47.59;11.29;29.04;7.9;1.72;1.88;40.5;67
1kmN3370E4318;4318500;3370500;4738;47.6;15.3;31.51;7.5;2.01;0.97;42;84
1kmN3382E4309;4309500;3382500;106;47.6;15.09;29.25;4.72;2.17;0;-9;-9
1kmN3383E4307;4307500;3383500;1526;47.6;14.68;27.98;4.7;2.1;5;-9;-9
1kmN3384E4311;4311500;3384500;3241;47.63;13.42;30.5;8.64;1.75;1.4;47.1;81
1kmN3370E4319;4319500;3370500;1013;47.66;12.24;27.15;4.84;1.8;1.39;41;72
1kmN3394E4322;4322500;3394500;3058;47.66;13.93;28.68;4.1;1.96;1;37;-9
1kmN3367E4320;4320500;3367500;1280;47.7;13.8;27.7;2.9;2.15;1.9;49;-9
1kmN3368E4321;4321500;3368500;1770;47.7;13.05;26.9;4.8;1.95;1.7;48;87
1kmN3393E4332;4332500;3393500;2189;47.7;18.78;31.7;4.29;2.32;2.2;52;-9
1kmN3372E4316;4316500;3372500;699;47.8;12.2;29.18;8.6;1.91;1.06;46;85
1kmN3378E4327;4327500;3378500;180;47.8;10;26.67;12.78;2.3;4.94;38;-9
1kmN3381E4331;4331500;3381500;2983;47.8;13.9;29.06;5.4;2.11;1.2;42.3;85
1kmN3386E4305;4305500;3386500;2231;47.8;16.72;31.02;4.71;2.15;2.13;48;100
1kmN3382E4311;4311500;3382500;1712;47.83;16.3;31.78;7.5;2.1;2.63;53;-9
1kmN3365E4336;4336500;3365500;117;47.84;16.24;28.21;3.42;2.3;6.12;-9;-9
1kmN3390E4325;4325500;3390500;513;47.9;11.7;27.88;8.6;2.4;1.78;46;106
1kmN3377E4335;4335500;3377500;3489;47.91;13.01;32.8;6;1.86;1.16;39;71.7
1kmN3374E4328;4328500;3374500;35;48;0;17.14;11.43;3;0;-9;-9
1kmN3386E4314;4314500;3386500;9;48;0;-9;-9;1;0;-9;-9
1kmN3388E4334;4334500;3388500;218;48;14;30;4;2.7;2;-9;-9
1kmN3401E4326;4326500;3401500;15;48;-9;20;0;2;0;-9;-9
1kmN3381E4332;4332500;3381500;2450;48.1;12.7;28.4;4.73;2.25;1;45;98.9
1kmN3378E4333;4333500;3378500;1754;48.2;14.42;33.2;7.5;1.9;0.8;38.8;72.1
1kmN3385E4304;4304500;3385500;4182;48.2;15.71;31.42;4.1;1.94;1.3;47;89
1kmN3378E4335;4335500;3378500;785;48.21;13.63;35.03;5.35;1.82;0.7;42.2;75.7
1kmN3392E4326;4326500;3392500;2684;48.25;15.4;31.22;4.36;2.03;2.7;56;-9
1kmN3369E4317;4317500;3369500;369;48.3;14.91;31.98;1.63;2.31;0;46;105
1kmN3369E4340;4340500;3369500;138;48.3;10.14;21.74;2.9;2.3;0;-9;-9
1kmN3381E4315;4315500;3381500;899;48.3;5.45;25.3;51;1.58;5.18;-9;-9
1kmN3391E4316;4316500;3391500;2571;48.3;14.2;31.2;6.3;2.02;3.2;44;84
1kmN3400E4330;4330500;3400500;79;48.3;16.46;29.11;3;2.1;0;-9;-9
1kmN3398E4327;4327500;3398500;283;48.31;12.37;29.33;2.83;2.2;1;-9;-9
1kmN3387E4332;4332500;3387500;3767;48.36;13.54;30.3;4.5;2;0.8;42;81.4
1kmN3384E4331;4331500;3384500;2964;48.4;12.4;28.48;4.5;2.1;1.3;44;90
1kmN3391E4333;4333500;3391500;305;48.4;13.44;27.87;3.61;2.2;1.89;50;96
1kmN3392E4314;4314500;3392500;1696;48.4;14.9;31.1;5.2;2.12;1.2;46;95
1kmN3393E4327;4327500;3393500;3996;48.4;15.27;32.26;5.4;1.94;2.1;47;92
1kmN3371E4312;4312500;3371500;688;48.46;13.23;27.03;2.91;2.1;1;40;-9
1kmN3384E4321;4321500;3384500;538;48.5;9.48;26.58;12.1;1.7;4;-9;-9
1kmN3371E4313;4313500;3371500;248;48.6;12.5;27.02;5;2.2;5.9;-9;-9
1kmN3394E4327;4327500;3394500;2991;48.6;15.98;32.2;4.1;2.04;1.5;48;96
1kmN3393E4318;4318500;3393500;659;48.7;15.78;33.99;2.88;2.47;0;51;124
1kmN3399E4329;4329500;3399500;190;48.8;16.32;32.63;3;2.1;5.15;-9;-9
1kmN3391E4330;4330500;3391500;4137;48.84;12.69;31.4;5.51;1.88;0.7;42.4;77
1kmN3368E4333;4333500;3368500;5;49;0;0;0;3;0;42;70
1kmN3374E4316;4316500;3374500;291;49;13.75;32.3;4;2.3;2.94;-9;93
1kmN3393E4324;4324500;3393500;1720;49;13.26;31.92;6;2.09;1;44;91
1kmN3398E4325;4325500;3398500;35;49;-9;22.86;0;2.5;-9;51;-9
1kmN3368E4340;4340500;3368500;495;49.07;11.92;25.05;2;4.3;0;48;106
1kmN3385E4305;4305500;3385500;3096;49.08;16.44;34.82;5.5;1.9;2.5;43;-9
1kmN3369E4322;4322500;3369500;35;49.1;8.57;28.57;0;2.1;0;45;95
1kmN3396E4326;4326500;3396500;19;49.1;0;36.84;0;2;0;-9;-9
1kmN3372E4311;4311500;3372500;1931;49.22;13.7;32.3;2.85;2.25;1.34;47;103
1kmN3376E4329;4329500;3376500;211;49.4;9.95;27.96;6.16;2.1;5;38;71.8
1kmN3370E4326;4326500;3370500;723;49.6;11.62;28.2;1.9;2.13;2;55;-9
1kmN3391E4313;4313500;3391500;1085;49.7;15.5;32.3;3;2.38;3;48.9;114
1kmN3399E4330;4330500;3399500;118;49.81;14.41;35.59;2;2.5;0;-9;-9
1kmN3376E4330;4330500;3376500;7;50;0;0;0;3;0;36.67;-9
1kmN3379E4327;4327500;3379500;14;50;0;35.71;-9;1.44;0;-9;-9
1kmN3382E4305;4305500;3382500;15;50;-9;40;0;3;0;-9;-9
1kmN3376E4328;4328500;3376500;43;50.16;11.63;25.58;6.98;2.1;0;39.1;-9
1kmN3384E4310;4310500;3384500;3266;50.2;16.14;35.6;7.1;2.05;1.3;52;-9
1kmN3369E4319;4319500;3369500;3533;50.4;13.36;33.9;5.41;2.02;2;42.4;82
1kmN3372E4310;4310500;3372500;240;50.4;14.17;38;1.67;2.26;0;51;113
1kmN3397E4325;4325500;3397500;51;50.78;11.76;29.41;0;2.3;0;54;-9
1kmN3392E4331;4331500;3392500;1348;50.9;18.32;38.3;4.2;2.45;2;47;-9
1kmN3394E4326;4326500;3394500;3171;50.96;11.86;36.46;5.5;1.8;1.4;51;-9
1kmN3366E4330;4330500;3366500;214;51;8.88;34;0;2.3;3.7;54;117
1kmN3370E4315;4315500;3370500;11;51;0;27.27;0;1.7;-9;-9;-9
1kmN3371E4328;4328500;3371500;117;51.1;14.53;39.32;3;2.3;0;52;-9
1kmN3392E4325;4325500;3392500;1839;51.52;13.16;37.25;3.97;2.07;2.24;-9;-9
1kmN3390E4320;4320500;3390500;52;51.7;13.46;44.23;5.77;2.41;0;-9;-9
1kmN3393E4331;4331500;3393500;1466;51.8;14.05;39.6;3.8;1.95;1.9;54;-9
1kmN3367E4315;4315500;3367500;72;52;11.11;29.17;0;2;0;66;-9
1kmN3370E4339;4339500;3370500;33;52;12.12;33.33;0;2.2;0;40;85
1kmN3370E4322;4322500;3370500;3;52.67;0;0;0;-1;-1;60;-1
1kmN3376E4324;4324500;3376500;7;53;0;0;0;4;0;-9;110
1kmN3385E4315;4315500;3385500;39;53;0;28.21;-9;2.7;0;-9;-9
1kmN3375E4323;4323500;3375500;37;53.2;13.51;29.73;0;2.5;0;43;100
1kmN3389E4316;4316500;3389500;138;53.4;13.04;44.93;2.17;2.4;10;-9;-9
1kmN3379E4325;4325500;3379500;54;53.7;7.41;42.59;5.56;2.2;-9;-9;-9
1kmN3391E4334;4334500;3391500;5;54;0;-9;0;3;0;34;-9
1kmN3369E4335;4335500;3369500;26;54.1;11.54;42.31;0;2.2;0;-9;-9
1kmN3391E4319;4319500;3391500;323;54.3;8.67;41.49;2.17;1.92;1;42;-9
1kmN3389E4320;4320500;3389500;698;54.4;9.89;40.97;6.59;1.7;1;46;84
1kmN3385E4314;4314500;3385500;423;54.9;10.64;43.5;6.4;2.23;2;-9;-9
1kmN3372E4315;4315500;3372500;9;55;0;44.44;0;2.25;0;-9;-9
1kmN3381E4325;4325500;3381500;363;55.4;5.79;42.98;2;1.97;0;-9;-9
1kmN3390E4333;4333500;3390500;4;55.5;0;0;0;2;0;47.5;-9
1kmN3376E4319;4319500;3376500;7;56.14;-9;42.86;0;2.33;0;-9;-9
1kmN3377E4328;4328500;3377500;28;57;0;35.71;0;2.2;0;-9;-9
1kmN3367E4332;4332500;3367500;25;57.4;12;48;-9;2;0;-9;-9
1kmN3379E4323;4323500;3379500;13;60;0;53.85;0;1.7;0;-9;-9
1kmN3368E4331;4331500;3368500;6;61;0;50;0;1.5;0;-9;-9
1kmN3387E4304;4304500;3387500;94;61.3;7.45;52.13;7.45;2.2;14.71;-9;-9
1kmN3393E4326;4326500;3393500;3316;62.9;8.59;57.4;3.6;1.87;1.7;49;-9
1kmN3383E4305;4305500;3383500;3;64;0;-9;0;2;0;93.33;-9
1kmN3379E4329;4329500;3379500;8;65;0;87.5;0;2;0;-9;-9
1kmN3381E4310;4310500;3381500;6;65;0;66.67;0;1.5;0;62;-9
1kmN3388E4305;4305500;3388500;12;67;0;66.67;0;2;0;-9;-9
1kmN3390E4319;4319500;3390500;30;68;0;76.67;-9;1.43;0;58.3;78
1kmN3368E4336;4336500;3368500;4;70;0;-9;0;-1;-1;-9;-1
1kmN3379E4334;4334500;3379500;3;71;0;-9;0;-1;-1;21.33;-1
1kmN3375E4309;4309500;3375500;3;73;0;-9;0;2;0;-9;-9
1kmN3371E4323;4323500;3371500;3;75;0;-9;0;-1;-1;-9;-1
